<?xml version="1.0" encoding="utf-8" standalone="yes" ?>
<rss version="2.0" xmlns:atom="http://www.w3.org/2005/Atom">
  <channel>
    <title>Academic on Academic</title>
    <link>https://tpbull.github.io/index.xml</link>
    <description>Recent content in Academic on Academic</description>
    <generator>Hugo -- gohugo.io</generator>
    <language>en-us</language>
    <copyright>&amp;copy; 2017 Ziniu Hu</copyright>
    <lastBuildDate>Sat, 01 Apr 2017 00:00:00 +0000</lastBuildDate>
    <atom:link href="/index.xml" rel="self" type="application/rss+xml" />
    
    <item>
      <title>Listening to Chaotic Whispers: A Deep Learning Framework for News-oriented Stock Trend Prediction</title>
      <link>https://tpbull.github.io/publication/stock/</link>
      <pubDate>Sat, 01 Apr 2017 00:00:00 +0000</pubDate>
      
      <guid>https://tpbull.github.io/publication/stock/</guid>
      <description></description>
    </item>
    
    <item>
      <title>Through the Castle Tunnels: an In-Depth Analysis of Inter-App Navigation on Android</title>
      <link>https://tpbull.github.io/publication/interapp-navigation/</link>
      <pubDate>Sat, 01 Apr 2017 00:00:00 +0000</pubDate>
      
      <guid>https://tpbull.github.io/publication/interapp-navigation/</guid>
      <description></description>
    </item>
    
    <item>
      <title>A Person Re-Identification System For Mobile Devices</title>
      <link>https://tpbull.github.io/publication/person-re-identification/</link>
      <pubDate>Tue, 01 Sep 2015 00:00:00 +0000</pubDate>
      
      <guid>https://tpbull.github.io/publication/person-re-identification/</guid>
      <description>&lt;p&gt;More detail can easily be written here using &lt;em&gt;Markdown&lt;/em&gt; and $\rm \LaTeX$ math code.&lt;/p&gt;
</description>
    </item>
    
  </channel>
</rss>
